<?xml version="1.0" encoding="utf-8" standalone="yes"?>
<window id="3000">
    <defaultcontrol always="false">3002</defaultcontrol>
    <controls>
        <control type="image" id="4000">
            <description>Background</description>
            <posx>0</posx>
            <posy>0</posy>
            <width>1280</width>
            <height>720</height>
            <texture>background.png</texture>
        </control>
        <control type="image" id="4001">
            <description>Goban backdrop</description>
            <posx>-5</posx>
            <posy>-5</posy>
            <width>745</width>
            <height>744</height>
            <texture>goban19.png</texture>
        </control>
        <control type="textbox" id="3017">
            <description>SGF comments</description>
            <posx>800</posx>
            <posy>180</posy>
            <width>430</width>
            <height>350</height>
            <visible>true</visible>
            <font>font30_title</font>
            <textcolor>FF222222</textcolor>
        </control>
        <control type="textbox">
            <description>Game Controls Help</description>
            <posx>800</posx>
            <posy>600</posy>
            <width>480</width>
            <height>150</height>
            <visible>true</visible>
            <font>font30_title</font>
            <textcolor>FF222222</textcolor>
            <label>$ADDON[script.game.tsumego 32010]</label>
        </control>
        <control type="label" id="3001">
            <description>The Grid placeholder. This label should not be shown but its space will be filled with the tiles.</description>
            <posx>30</posx>
            <posy>30</posy>
            <width>665</width>
            <height>665</height>
            <font>font12</font>
            <visible>false</visible>
            <label></label>
        </control>
        <control type="button" id="3002">
            <description>Next</description>
            <posx>820</posx>
            <posy>40</posy>
            <width>130</width>
            <height>70</height>
            <texturefocus>button_active.png</texturefocus>
            <texturenofocus>button.png</texturenofocus>
            <align>center</align>
            <aligny>center</aligny>
            <font>font12</font>
            <!-- <onleft></onleft> will be set by code! -->
            <onright>3003</onright>
            <focusedcolor>white</focusedcolor>
            <textcolor>grey</textcolor>
            <label>$ADDON[script.game.tsumego 32001]</label>
        </control>
        <control type="button" id="3003">
            <description>Reset</description>
            <posx>970</posx>
            <posy>40</posy>
            <width>130</width>
            <height>70</height>
            <texturefocus>button_active.png</texturefocus>
            <texturenofocus>button.png</texturenofocus>
            <align>center</align>
            <aligny>center</aligny>
            <font>font12</font>
            <onleft>3002</onleft>
            <onright>3004</onright>
            <focusedcolor>white</focusedcolor>
            <textcolor>grey</textcolor>
            <label>$ADDON[script.game.tsumego 32000]</label>
        </control>
        <control type="button" id="3004">
            <description>Show solution</description>
            <posx>1120</posx>
            <posy>40</posy>
            <width>150</width>
            <height>70</height>
            <texturefocus>button_active.png</texturefocus>
            <texturenofocus>button.png</texturenofocus>
            <align>center</align>
            <aligny>center</aligny>
            <font>font12</font>
            <onleft>3003</onleft>
            <onright>3004</onright>
            <focusedcolor>white</focusedcolor>
            <textcolor>grey</textcolor>
            <label>$ADDON[script.game.tsumego 32002]</label>
        </control>
       <control type="label" id="3015">
            <description>Error messages</description>
            <posx>800</posx>
            <posy>150</posy>
            <width>80</width>
            <height>36</height>
            <font>font30</font>
            <textcolor>red</textcolor>
            <!-- the label is set in the code, because it can't be set invisible here and then set visible in the code (it is always invisible) -->
            <label></label>
        </control>
        <control type="label" id="3016">
            <description>Success messages</description>
            <posx>800</posx>
            <posy>150</posy>
            <width>80</width>
            <height>36</height>
            <font>font30</font>
            <textcolor>green</textcolor>
            <!-- the label is set in the code, because it can't be set invisible here and then set visible in the code (it is always invisible) -->
            <label></label>
        </control>
        <control type="textbox" id="3018">
            <description>Current rank</description>
            <posx>800</posx>
            <posy>10</posy>
            <width>180</width>
            <height>36</height>
            <font>font30_title</font>
            <textcolor>black</textcolor>
            <label></label>
        </control>
        <control type="textbox" id="3019">
            <description>Rating</description>
            <posx>1000</posx>
            <posy>10</posy>
            <width>250</width>
            <height>36</height>
            <font>font30_title</font>
            <textcolor>black</textcolor>
            <label></label>
        </control>
        <control type="textbox" id="3020">
            <description>Clock</description>
            <posx>1210</posx>
            <posy>10</posy>
            <width>250</width>
            <height>36</height>
            <font>font30_title</font>
            <textcolor>black</textcolor>
            <label></label>
        </control>
    </controls>
</window>
