<?xml version="1.0" encoding="utf-8" standalone="yes"?>
<addon id="script.game.tsumego" name="Tsumego" version="0.0.1" provider-name="Daniel O'Connell (tojad99@gmail.com)">
    <requires>
        <import addon="xbmc.python" version="2.1.0"/>
    </requires>
    <extension point="xbmc.python.script" library="game.py"/>
    <extension point="xbmc.addon.metadata">
        <language/>
        <platform>all</platform>
        <website></website>
        <source>https://github.com/mruwnik/script.game.tsumego</source>
        <email>tojad99@gmail.com</email>
        <license>GNU GENERAL PUBLIC LICENSE. Version 2, June 1991</license>
        <summary lang="en">A collection of tsumego</summary>
        <description lang="en">Tsumego are Go (the boardgame) problems. This is a collection of them based on what can be found at http://www.goproblems.com</description>
    </extension>
</addon>

